{
    "version": "4.3.1",
    "description": "First minor release for 4.3 version",
    "update-type": "minor",
    "changelog": [
        "Fix typo in readme file",
        "Improve speed of application"
    ],
    "mainatiner": "Paweł Mikołajczuk <mikolajczuk.private@gmail.com",
    "scripts":{
        "pre-update-cmd":[
            "MyVendor\\Application\\Tools\\Command::preUpdate"
        ],
        "post-update-cmd":[
            "MyVendor\\Application\\Tools\\Command::postUpdate"
        ]
    },
    "filemapping": [
        "+ README.md",
        "+ Version.php",
        "+ composer.json",
        "+ composer.lock",
        "- src/Vendor/Library/UnwantedFile.php"
    ],
    "files-dir": "files/",
    "migrations-dir": "migrations/",
    "composer-action": "install"
}